-- phpMyAdmin SQL Dump
-- version 5.1.1
-- https://www.phpmyadmin.net/
--
-- Host: 127.0.0.1
-- Generation Time: Feb 12, 2024 at 03:29 AM
-- Server version: 10.4.20-MariaDB
-- PHP Version: 8.0.8

SET SQL_MODE = "NO_AUTO_VALUE_ON_ZERO";
START TRANSACTION;
SET time_zone = "+00:00";


/*!40101 SET @OLD_CHARACTER_SET_CLIENT=@@CHARACTER_SET_CLIENT */;
/*!40101 SET @OLD_CHARACTER_SET_RESULTS=@@CHARACTER_SET_RESULTS */;
/*!40101 SET @OLD_COLLATION_CONNECTION=@@COLLATION_CONNECTION */;
/*!40101 SET NAMES utf8mb4 */;

--
-- Database: `pcosdb`
--

-- --------------------------------------------------------

--
-- Table structure for table `dispatch_list`
--

CREATE TABLE `dispatch_list` (
  `dispatch_id` int(11) NOT NULL,
  `emp_number` int(11) NOT NULL,
  `location_id` int(11) NOT NULL DEFAULT 1,
  `dispatch_from` date NOT NULL,
  `dispatch_to` date NOT NULL,
  `date_added` datetime NOT NULL DEFAULT current_timestamp()
) ENGINE=InnoDB DEFAULT CHARSET=utf8mb4;

--
-- Dumping data for table `dispatch_list`
--

INSERT INTO `dispatch_list` (`dispatch_id`, `emp_number`, `location_id`, `dispatch_from`, `dispatch_to`, `date_added`) VALUES
(1, 224, 1, '2024-01-09', '2024-04-05', '2023-12-20 16:29:34'),
(2, 352, 1, '2024-01-09', '2024-04-05', '2023-12-20 16:30:11'),
(3, 367, 1, '2024-01-09', '2024-04-05', '2023-12-20 16:30:47'),
(4, 425, 1, '2024-01-09', '2024-04-05', '2023-12-20 16:31:06'),
(5, 430, 1, '2024-01-09', '2024-04-05', '2023-12-20 16:31:19'),
(6, 460, 1, '2024-01-09', '2024-04-05', '2023-12-20 16:47:12'),
(7, 462, 1, '2024-01-09', '2024-04-05', '2023-12-20 16:47:50'),
(8, 382, 1, '2024-01-15', '2024-04-05', '2023-12-20 16:48:23'),
(9, 444, 1, '2024-01-09', '2024-04-05', '2023-12-20 16:48:52'),
(10, 485, 1, '2024-01-09', '2024-04-05', '2023-12-20 16:49:18'),
(11, 461, 1, '2023-10-10', '2023-12-22', '2023-12-21 07:44:56'),
(12, 173, 1, '2023-10-10', '2024-04-26', '2023-12-22 08:12:02'),
(13, 346, 1, '2023-10-10', '2024-04-26', '2023-12-22 10:04:39'),
(14, 174, 1, '2023-10-10', '2024-04-26', '2023-12-22 10:22:09'),
(15, 288, 1, '2023-10-10', '2024-04-26', '2023-12-22 10:23:01'),
(16, 226, 1, '2023-09-04', '2023-12-01', '2023-12-22 10:24:15'),
(17, 314, 1, '2023-10-10', '2024-04-26', '2023-12-22 12:35:30'),
(18, 252, 1, '2023-09-04', '2023-12-01', '2023-12-22 14:41:44'),
(19, 383, 1, '2023-09-04', '2023-12-01', '2023-12-22 14:51:11'),
(20, 320, 1, '2024-01-29', '2024-04-26', '2024-01-16 13:03:56'),
(21, 372, 1, '2023-01-10', '2023-04-07', '2024-01-16 13:08:15'),
(22, 376, 1, '2023-01-10', '2023-04-07', '2024-01-16 13:15:04'),
(23, 302, 1, '2023-09-04', '2023-12-01', '2024-01-16 13:18:17'),
(24, 356, 1, '2023-05-15', '2023-08-11', '2024-01-16 13:24:29'),
(25, 407, 1, '2024-01-09', '2024-07-12', '2024-01-16 13:31:55'),
(26, 306, 1, '2024-02-12', '2024-04-26', '2024-01-16 13:52:07'),
(27, 448, 1, '2023-09-04', '2023-12-01', '2024-01-16 13:56:42'),
(28, 448, 1, '2024-01-09', '2024-03-15', '2024-01-16 13:57:29'),
(29, 477, 1, '2023-09-04', '2023-12-01', '2024-01-16 14:09:54'),
(30, 477, 1, '2024-01-09', '2024-03-15', '2024-01-16 14:10:11'),
(31, 270, 1, '2023-09-04', '2023-12-01', '2024-01-16 14:17:29'),
(32, 270, 1, '2024-01-09', '2024-03-15', '2024-01-16 14:17:45'),
(33, 450, 1, '2023-01-10', '2023-04-07', '2024-01-16 14:21:33'),
(34, 450, 1, '2023-09-04', '2023-12-01', '2024-01-16 14:21:57'),
(35, 450, 1, '2024-01-09', '2024-04-05', '2024-01-16 14:22:17'),
(36, 471, 1, '2024-01-09', '2024-04-26', '2024-01-16 14:25:22'),
(37, 475, 1, '2023-09-04', '2023-12-01', '2024-01-16 14:33:00'),
(38, 475, 1, '2024-01-09', '2024-04-05', '2024-01-16 14:33:21'),
(39, 305, 1, '2024-01-09', '2024-04-26', '2024-01-16 14:37:45'),
(40, 333, 1, '2024-02-12', '2024-04-26', '2024-01-16 14:43:23'),
(41, 447, 1, '2023-01-10', '2023-04-07', '2024-01-16 14:47:20'),
(42, 447, 1, '2023-09-04', '2023-12-01', '2024-01-16 14:47:54'),
(43, 447, 1, '2024-01-09', '2024-04-05', '2024-01-16 14:48:09'),
(44, 330, 1, '2023-01-10', '2023-04-07', '2024-01-16 14:52:39'),
(45, 330, 1, '2023-09-04', '2023-12-01', '2024-01-16 14:53:06'),
(46, 330, 1, '2024-01-09', '2024-04-05', '2024-01-16 14:53:23'),
(47, 482, 1, '2024-01-09', '2024-04-26', '2024-01-16 14:56:33'),
(48, 357, 1, '2023-01-10', '2023-04-07', '2024-01-16 15:00:21'),
(49, 357, 1, '2023-07-24', '2023-10-06', '2024-01-16 15:01:29'),
(50, 357, 1, '2024-01-09', '2024-04-05', '2024-01-16 15:01:43'),
(51, 358, 1, '2024-01-09', '2024-04-19', '2024-01-16 15:04:53'),
(52, 252, 1, '2023-05-15', '2023-08-11', '2024-01-17 10:22:28'),
(53, 383, 1, '2023-01-10', '2023-04-07', '2024-01-17 10:24:02'),
(54, 382, 1, '2023-05-15', '2023-08-11', '2024-01-17 10:25:09'),
(55, 485, 1, '2023-09-04', '2023-12-01', '2024-01-17 10:26:26'),
(56, 444, 1, '2023-01-10', '2023-04-07', '2024-01-17 10:27:22'),
(57, 444, 1, '2023-05-29', '2023-08-11', '2024-01-17 10:28:00'),
(58, 387, 1, '2023-02-01', '2023-04-28', '2024-01-17 10:34:02'),
(59, 387, 1, '2024-01-29', '2024-04-26', '2024-01-17 10:34:26'),
(60, 478, 1, '2024-01-29', '2024-04-26', '2024-01-17 10:41:38'),
(61, 417, 1, '2023-05-15', '2023-08-11', '2024-01-17 10:45:15'),
(62, 417, 1, '2024-01-29', '2024-04-26', '2024-01-17 10:45:33'),
(63, 413, 1, '2023-09-04', '2023-12-01', '2024-01-17 10:48:28'),
(64, 262, 1, '2023-05-15', '2023-08-11', '2024-01-17 10:52:12'),
(65, 371, 1, '2023-02-01', '2023-04-28', '2024-01-17 10:58:15'),
(66, 371, 1, '2024-01-29', '2024-04-26', '2024-01-17 10:58:32'),
(67, 427, 1, '2022-11-01', '2023-01-27', '2024-01-17 12:16:17'),
(68, 427, 1, '2023-09-04', '2023-12-01', '2024-01-17 12:16:41'),
(69, 381, 1, '2023-02-01', '2023-04-28', '2024-01-17 12:21:11'),
(70, 489, 1, '2023-09-04', '2023-12-01', '2024-01-17 12:24:14'),
(71, 377, 1, '2023-02-01', '2023-04-28', '2024-01-17 12:27:37'),
(72, 388, 1, '2022-11-01', '2023-01-27', '2024-01-17 12:31:55'),
(73, 388, 1, '2023-09-04', '2023-12-01', '2024-01-17 12:32:18'),
(74, 396, 1, '2023-02-01', '2023-04-28', '2024-01-17 12:35:03'),
(75, 470, 1, '2024-01-29', '2024-04-26', '2024-01-17 12:39:25'),
(76, 295, 1, '2023-09-04', '2023-12-01', '2024-01-17 12:43:08'),
(77, 421, 1, '2023-02-01', '2023-04-28', '2024-01-17 12:46:05'),
(78, 469, 1, '2024-01-29', '2024-04-26', '2024-01-17 12:49:25'),
(79, 222, 1, '2023-07-24', '2023-10-06', '2024-01-17 12:56:20'),
(80, 468, 1, '2023-07-24', '2023-10-06', '2024-01-17 13:01:15'),
(81, 223, 1, '2023-04-11', '2023-07-08', '2024-01-17 13:09:19'),
(82, 310, 1, '2023-10-23', '2024-01-24', '2024-01-17 13:17:52'),
(83, 209, 1, '2023-04-11', '2023-07-08', '2024-01-17 13:22:43'),
(84, 215, 1, '2024-01-29', '2024-04-26', '2024-01-17 13:50:07'),
(85, 406, 1, '2023-10-23', '2024-01-24', '2024-01-17 13:52:55'),
(86, 486, 1, '2023-10-10', '2023-12-22', '2024-01-17 14:20:20'),
(87, 344, 1, '2023-10-10', '2023-12-22', '2024-01-17 14:26:43'),
(88, 261, 1, '2024-01-29', '2024-04-27', '2024-01-17 14:32:25'),
(89, 486, 1, '2024-01-29', '2024-04-27', '2024-01-17 14:35:22'),
(90, 290, 1, '2023-10-10', '2023-12-22', '2024-01-17 14:37:33'),
(91, 290, 1, '2024-01-29', '2024-04-26', '2024-01-17 14:38:09'),
(92, 350, 1, '2023-05-15', '2023-08-11', '2024-01-17 14:41:58'),
(93, 350, 1, '2023-10-10', '2023-12-22', '2024-01-17 14:42:27'),
(94, 345, 1, '2023-02-01', '2023-04-28', '2024-01-17 14:48:23'),
(95, 264, 1, '2023-10-10', '2023-12-22', '2024-01-17 14:50:55'),
(96, 264, 1, '2024-01-29', '2024-04-26', '2024-01-17 14:51:09'),
(97, 373, 1, '2023-02-01', '2023-04-28', '2024-01-17 15:09:59'),
(98, 414, 1, '2023-01-10', '2023-03-31', '2024-01-18 07:44:03'),
(99, 414, 1, '2023-10-10', '2023-12-22', '2024-01-18 07:44:39'),
(100, 404, 1, '2023-04-03', '2023-06-30', '2024-01-18 07:50:12'),
(101, 435, 1, '2023-04-03', '2023-06-30', '2024-01-18 07:54:42'),
(102, 420, 1, '2023-07-24', '2023-10-06', '2024-01-18 08:06:36'),
(103, 437, 1, '2023-04-03', '2023-06-30', '2024-01-18 08:15:25'),
(104, 221, 1, '2023-10-10', '2023-12-22', '2024-01-18 08:19:46'),
(105, 423, 1, '2023-01-10', '2023-03-31', '2024-01-18 08:25:01'),
(106, 459, 1, '2023-07-24', '2023-10-06', '2024-01-18 08:36:12'),
(107, 224, 1, '2023-01-10', '2023-03-31', '2024-01-18 08:39:58'),
(108, 352, 1, '2023-01-10', '2023-03-31', '2024-01-18 08:42:12'),
(109, 390, 1, '2023-10-10', '2023-12-22', '2024-01-18 08:48:41'),
(110, 411, 1, '2023-10-10', '2023-12-22', '2024-01-18 08:51:53'),
(111, 401, 1, '2023-07-24', '2023-10-06', '2024-01-18 08:57:08'),
(112, 432, 1, '2023-07-24', '2023-10-06', '2024-01-18 08:59:43'),
(113, 334, 1, '2023-07-24', '2023-10-06', '2024-01-18 09:34:23'),
(114, 429, 1, '2023-07-24', '2023-10-07', '2024-01-18 09:37:36'),
(115, 434, 1, '2023-04-03', '2023-06-30', '2024-01-18 09:41:54'),
(116, 463, 1, '2023-10-10', '2023-12-22', '2024-01-18 09:48:21'),
(117, 412, 1, '2023-01-10', '2023-03-31', '2024-01-18 09:51:13'),
(118, 428, 1, '2023-04-03', '2023-06-30', '2024-01-18 10:20:26'),
(119, 436, 1, '2023-04-03', '2023-06-30', '2024-01-18 10:26:20'),
(120, 328, 1, '2023-02-03', '2023-04-28', '2024-01-18 10:47:08'),
(121, 10, 1, '2024-03-27', '2024-04-03', '2024-01-18 13:19:06'),
(122, 212, 1, '2024-03-27', '2024-04-03', '2024-01-18 13:24:02'),
(123, 464, 1, '2024-03-27', '2024-04-03', '2024-01-18 13:25:09'),
(124, 467, 1, '2024-01-09', '2024-04-05', '2024-01-18 13:26:41'),
(125, 438, 1, '2023-07-24', '2023-10-06', '2024-01-18 13:39:16'),
(126, 323, 1, '2023-07-24', '2023-10-06', '2024-01-18 13:49:06'),
(127, 299, 1, '2024-01-09', '2024-04-05', '2024-01-18 13:58:28'),
(128, 329, 1, '2023-07-24', '2023-10-06', '2024-01-18 14:18:33'),
(129, 402, 1, '2023-10-10', '2023-12-22', '2024-01-18 14:33:48'),
(130, 416, 1, '2023-10-02', '2023-11-24', '2024-01-18 14:43:53'),
(131, 416, 1, '2023-03-06', '2023-06-02', '2024-01-18 14:44:25'),
(132, 416, 1, '2022-11-07', '2023-02-03', '2024-01-18 14:46:13'),
(133, 260, 1, '2023-02-06', '2023-04-21', '2024-01-18 14:49:50'),
(134, 260, 1, '2023-05-29', '2023-08-25', '2024-01-18 14:50:24'),
(135, 260, 1, '2024-01-09', '2024-04-05', '2024-01-18 14:50:38'),
(136, 279, 1, '2024-01-09', '2024-04-26', '2024-01-18 14:59:10'),
(137, 279, 1, '2023-11-27', '2023-12-22', '2024-01-18 14:59:37'),
(138, 279, 1, '2023-05-15', '2023-08-11', '2024-01-18 15:00:11'),
(139, 279, 1, '2022-11-01', '2023-01-27', '2024-01-18 15:01:32'),
(140, 386, 1, '2023-07-24', '2023-10-06', '2024-01-18 15:10:09'),
(141, 55, 1, '2022-11-14', '2022-11-18', '2024-01-19 07:20:53'),
(142, 313, 1, '2024-01-29', '2024-04-26', '2024-01-23 09:58:14'),
(143, 261, 1, '2022-10-03', '2022-12-16', '2024-01-23 10:20:26'),
(144, 215, 1, '2022-11-07', '2022-12-20', '2024-01-23 10:38:09'),
(145, 377, 1, '2022-07-04', '2022-09-30', '2024-01-23 12:24:40'),
(146, 377, 1, '2024-01-29', '2024-04-26', '2024-01-23 12:43:37'),
(147, 424, 1, '2022-11-01', '2023-01-27', '2024-01-23 13:25:00'),
(148, 424, 1, '2023-05-15', '2023-08-11', '2024-01-23 13:25:40'),
(149, 433, 1, '2022-11-01', '2023-01-27', '2024-01-23 13:36:20'),
(150, 433, 1, '2023-05-15', '2023-08-11', '2024-01-23 13:37:15'),
(151, 410, 1, '2024-04-10', '2024-06-28', '2024-01-25 10:14:41'),
(152, 480, 1, '2024-04-10', '2024-06-28', '2024-01-25 10:16:50'),
(153, 291, 1, '2024-04-10', '2024-09-20', '2024-01-29 07:42:06'),
(154, 344, 1, '2024-04-10', '2024-06-28', '2024-01-29 07:44:25'),
(155, 486, 1, '2024-07-01', '2024-09-20', '2024-01-29 07:50:32'),
(156, 291, 1, '2022-07-04', '2022-09-30', '2024-01-29 08:16:08'),
(157, 321, 1, '2022-09-12', '2022-12-09', '2024-01-29 12:57:21'),
(158, 284, 1, '2023-05-15', '2023-08-11', '2024-01-29 12:59:56'),
(159, 322, 1, '2022-09-12', '2022-12-09', '2024-01-29 13:06:03'),
(160, 449, 1, '2022-10-03', '2022-12-28', '2024-01-29 13:19:50'),
(161, 252, 1, '2022-09-20', '2022-12-16', '2024-01-29 13:23:30'),
(162, 382, 1, '2022-09-20', '2022-12-16', '2024-01-29 13:24:11'),
(163, 385, 1, '2022-09-20', '2022-12-16', '2024-01-29 13:25:15'),
(164, 385, 1, '2023-01-10', '2023-04-07', '2024-01-29 13:25:38'),
(165, 387, 1, '2022-07-04', '2022-09-30', '2024-01-29 13:34:51'),
(166, 417, 1, '2022-07-04', '2022-09-30', '2024-01-29 13:38:03'),
(167, 396, 1, '2022-07-04', '2022-09-30', '2024-01-29 13:42:56'),
(168, 230, 1, '2022-08-22', '2022-10-28', '2024-01-29 13:45:13'),
(169, 230, 1, '2023-09-04', '2023-12-01', '2024-01-29 13:45:43'),
(170, 263, 1, '2022-11-01', '2023-01-27', '2024-01-29 13:49:32'),
(171, 263, 1, '2023-05-15', '2023-08-11', '2024-01-29 13:50:09'),
(172, 310, 1, '2022-07-04', '2022-09-26', '2024-01-29 14:34:45'),
(173, 209, 1, '2022-07-04', '2022-09-26', '2024-01-29 14:40:19'),
(174, 117, 1, '2024-04-10', '2024-06-28', '2024-01-29 15:04:37'),
(175, 334, 1, '2024-04-10', '2024-06-28', '2024-01-29 15:08:15'),
(176, 404, 1, '2024-04-10', '2024-06-28', '2024-01-29 15:11:50'),
(177, 401, 1, '2024-04-10', '2024-06-28', '2024-01-29 15:12:34'),
(178, 412, 1, '2024-04-10', '2024-06-28', '2024-01-30 07:28:19'),
(179, 411, 1, '2024-04-10', '2024-06-28', '2024-01-30 07:30:12'),
(180, 401, 1, '2022-10-03', '2022-12-23', '2024-01-30 07:39:32'),
(181, 423, 1, '2024-04-10', '2024-06-28', '2024-01-30 07:42:13'),
(182, 434, 1, '2024-04-10', '2024-06-28', '2024-01-30 07:43:11'),
(183, 455, 1, '2022-10-03', '2022-12-23', '2024-01-31 10:33:31'),
(184, 390, 1, '2022-10-03', '2022-12-23', '2024-01-31 10:37:27'),
(185, 221, 1, '2022-07-04', '2022-09-30', '2024-01-31 10:48:50'),
(186, 425, 1, '2022-10-03', '2022-12-23', '2024-01-31 10:55:24'),
(187, 306, 1, '2022-10-03', '2022-12-28', '2024-01-31 13:13:29'),
(188, 430, 1, '2023-01-10', '2023-03-31', '2024-01-31 13:47:50'),
(189, 454, 1, '2022-10-03', '2022-12-30', '2024-01-31 15:07:38'),
(190, 311, 1, '2022-10-03', '2022-12-30', '2024-01-31 15:13:09'),
(191, 426, 1, '2023-02-03', '2023-04-28', '2024-01-31 15:14:23'),
(192, 412, 1, '2023-10-10', '2023-12-22', '2024-02-05 10:39:19'),
(193, 264, 1, '2023-05-15', '2023-08-11', '2024-02-07 13:55:56');

-- --------------------------------------------------------

--
-- Table structure for table `employee_details`
--

CREATE TABLE `employee_details` (
  `emp_id` int(11) NOT NULL,
  `emp_number` int(11) NOT NULL,
  `emp_surname` text NOT NULL,
  `emp_firstname` text NOT NULL,
  `group_id` int(11) NOT NULL,
  `emp_email` varchar(100) NOT NULL,
  `emp_dispatch` tinyint(4) NOT NULL DEFAULT 1
) ENGINE=InnoDB DEFAULT CHARSET=utf8mb4;

--
-- Dumping data for table `employee_details`
--

INSERT INTO `employee_details` (`emp_id`, `emp_number`, `emp_surname`, `emp_firstname`, `group_id`, `emp_email`, `emp_dispatch`) VALUES
(1, 8, 'Panado', 'Evangeline', 2, 'panado-g1@global.kawasaki.com', 1),
(2, 10, 'Tan', 'Erwin', 14, 'tan-g1@global.kawasaki.com', 1),
(3, 18, 'Matibag', 'Erwilson', 14, 'matibag-kdt@global.kawasaki.com', 1),
(4, 21, 'Santos', 'Roberto', 2, '', 1),
(5, 25, 'Derigay', 'Oliver', 4, 'derigay-g1@global.kawasaki.com', 1),
(6, 30, 'Abuan', 'Christopher', 12, 'abuan-kdt@global.kawasaki.com', 1),
(7, 34, 'Corpuz', 'Antonio', 2, '', 1),
(8, 37, 'Llanes', 'Ferdinand', 18, 'llanes-kdt@global.kawasaki.com', 1),
(9, 40, 'Cabello', 'Aristeo', 8, 'cabello-kdt@global.kawasaki.com', 1),
(10, 55, 'Perez', 'April', 1, 'perez-kdt@global.kawasaki.com', 1),
(11, 61, 'Balisbis Jr.', 'Cezar', 3, 'balisbis-kdt@global.kawasaki.com', 1),
(12, 101, 'Soriano', 'Sharon Ann', 2, 'soriano-kdt@global.kawasaki.com', 1),
(13, 104, 'Veloso', 'Ernesto', 14, 'veloso-kdt@global.kawasaki.com', 1),
(14, 107, 'Diaz', 'Lorenzo', 6, 'diaz-kdt@global.kawasaki.com', 1),
(15, 117, 'Vitalicio', 'Mae Anne', 8, 'vitalicio-kdt@global.kawasaki.com', 1),
(16, 121, 'Derigay', 'Arlene', 2, 'magno-kdt@global.kawasaki.com', 1),
(17, 122, 'Fabia', 'Roderick', 2, '', 1),
(18, 134, 'Becina', 'Artemio Roel', 15, 'becina-kdt@global.kawasaki.com', 1),
(19, 145, 'Baradas', 'Ryan', 7, 'baradas-kdt@global.kawasaki.com', 1),
(20, 158, 'Valdez', 'Ramir', 20, 'valdez-kdt@global.kawasaki.com', 1),
(21, 173, 'Aguilar', 'John Isaac', 20, 'aguilar-kdt@global.kawasaki.com', 1),
(22, 174, 'Apostol', 'Roel Boy', 20, 'apostol-kdt@global.kawasaki.com', 1),
(23, 185, 'De Jesus', 'Ryan', 15, 'dejesus-kdt@global.kawasaki.com', 1),
(24, 194, 'Castuera', 'Maxwell', 12, 'castuera-kdt@global.kawasaki.com', 1),
(25, 209, 'Leal Jr.', 'Ernesto', 6, 'leal-kdt@global.kawasaki.com', 1),
(26, 212, 'Lazaro', 'Edmon', 16, 'lazaro-kdt@global.kawasaki.com', 1),
(27, 215, 'Palmones', 'Michael', 6, 'palmones-kdt@global.kawasaki.com', 1),
(28, 221, 'Camato Jr.', 'Gerardo', 8, 'camato-kdt@global.kawasaki.com', 1),
(29, 222, 'Beltran', 'Jeffrey', 13, 'beltran-kdt@global.kawasaki.com', 1),
(30, 223, 'Pahel', 'Jobert', 13, 'pahel-kdt@global.kawasaki.com', 1),
(31, 224, 'Desoloc', 'Blessel', 8, 'desoloc-kdt@global.kawasaki.com', 1),
(32, 226, 'Gulapa', 'Francis Martee', 20, 'gulapa-kdt@global.kawasaki.com', 1),
(33, 230, 'Oliveros', 'Mark Anthony', 12, 'oliveros-kdt@global.kawasaki.com', 1),
(34, 238, 'Sese', 'Joseph Ferdinand', 8, 'sese-kdt@global.kawasaki.com', 1),
(35, 240, 'Miranda', 'Christian Jay', 6, 'miranda-kdt@global.kawasaki.com', 1),
(36, 243, 'Ramos', 'Sheena', 1, 'serdina-kdt@global.kawasaki.com', 1),
(37, 252, 'Araneta', 'Rex', 5, 'araneta-kdt@global.kawasaki.com', 1),
(38, 259, 'Lucena', 'Rey', 6, 'lucena-kdt@global.kawasaki.com', 1),
(39, 260, 'Verano', 'Ronald', 9, 'verano-kdt@global.kawasaki.com', 1),
(40, 261, 'Villamor', 'Amor', 4, 'villamor-kdt@global.kawasaki.com', 1),
(41, 262, 'Cantara', 'Mark Joel', 12, 'cantara-kdt@global.kawasaki.com', 1),
(42, 263, 'Pascua', 'Henry', 12, 'pascua-kdt@global.kawasaki.com', 1),
(43, 264, 'Cular', 'Giulian Louis', 7, 'cular-kdt@global.kawasaki.com', 1),
(44, 268, 'Sandoval', 'Dan Christian', 15, 'sandoval-kdt@global.kawasaki.com', 1),
(45, 270, 'Caringal', 'Gian Carlo', 15, 'caringal-kdt@global.kawasaki.com', 1),
(46, 279, 'Panopio', 'Luisito', 11, 'panopio-kdt@global.kawasaki.com', 1),
(47, 281, 'Cura', 'Leonard Ryan', 4, 'cura-kdt@global.kawasaki.com', 1),
(48, 283, 'Cenizal', 'Ma. Evangeline', 20, 'adami-kdt@global.kawasaki.com', 1),
(49, 284, 'Cidro', 'James Eric', 20, 'cidro-kdt@global.kawasaki.com', 1),
(50, 288, 'Godoy', 'Jhon Ray', 20, 'godoy-kdt@global.kawasaki.com', 1),
(51, 290, 'Ariap', 'Jomanil', 7, 'ariap-kdt@global.kawasaki.com', 1),
(52, 291, 'Llosala', 'Rowel', 4, 'llosala-kdt@global.kawasaki.com', 1),
(53, 295, 'Moreno', 'Rex', 12, 'moreno-kdt@global.kawasaki.com', 1),
(54, 299, 'Cano', 'Bryan Jay', 18, 'cano-kdt@global.kawasaki.com', 1),
(55, 302, 'Sampaga', 'Louie', 20, 'sampaga-kdt@global.kawasaki.com', 1),
(56, 305, 'Escueta', 'Roderick', 15, 'escueta-kdt@global.kawasaki.com', 1),
(57, 306, 'Belen', 'Kervin', 15, 'belen-kdt@global.kawasaki.com', 1),
(58, 307, 'Ballon', 'Veronica', 10, 'mendoza-kdt@global.kawasaki.com', 1),
(59, 310, 'Tumaob', 'Ferdinand', 13, 'tumaob-kdt@global.kawasaki.com', 1),
(60, 311, 'Penetrante Jr.', 'Jorge', 18, 'penetrante-kdt@global.kawasaki.com', 1),
(61, 312, 'Lucas', 'Adelbert', 18, 'lucas-kdt@global.kawasaki.com', 1),
(62, 313, 'Agustines', 'Albert', 20, 'agustines-kdt@global.kawasaki.com', 1),
(63, 314, 'Sangalang', 'Dickenson', 20, 'sangalang_d-kdt@global.kawasaki.com', 1),
(64, 320, 'Escueta Jr.', 'Juanito', 20, 'escueta_j-kdt@global.kawasaki.com', 1),
(65, 321, 'Bigtas', 'Keith Charm', 20, 'bigtas-kdt@global.kawasaki.com', 1),
(66, 322, 'Dela Rosa', 'Ester', 20, 'delarosa-kdt@global.kawasaki.com', 1),
(67, 323, 'Borlagon', 'Alvin Jan', 18, 'borlagon-kdt@global.kawasaki.com', 1),
(68, 328, 'Calleja', 'Nomer', 18, 'calleja-kdt@global.kawasaki.com', 1),
(69, 329, 'Marqueses', 'Jeff Edward', 18, 'marqueses_j-kdt@global.kawasaki.com', 1),
(70, 330, 'Omiz', 'Gilbert Jason', 15, 'omiz-kdt@global.kawasaki.com', 1),
(71, 333, 'Mataum', 'Michael', 15, 'mataum-kdt@global.kawasaki.com', 1),
(72, 334, 'Miranda', 'Julemir', 8, 'miranda_j-kdt@global.kawasaki.com', 1),
(73, 335, 'Ballon', 'Al John', 12, 'ballon-kdt@global.kawasaki.com', 1),
(74, 344, 'Patron', 'Edilaine Marose', 4, 'patron-kdt@global.kawasaki.com', 1),
(75, 345, 'Caunga', 'Rustum Oliver', 7, 'caunga-kdt@global.kawasaki.com', 1),
(76, 346, 'Bio', 'Marie Eleonor', 20, 'mirabel-kdt@global.kawasaki.com', 1),
(77, 350, 'Cajes', 'Joseph', 7, 'cajes-kdt@global.kawasaki.com', 1),
(78, 352, 'Ducay', 'John David', 8, 'ducay-kdt@global.kawasaki.com', 1),
(79, 355, 'De Jesus', 'Jommuel', 16, 'dejesus_j-kdt@global.kawasaki.com', 1),
(80, 356, 'Sumayop', 'Lian Marie', 20, 'cabradilla-kdt@global.kawasaki.com', 1),
(81, 357, 'Sanao', 'Jomari', 15, 'sanao-kdt@global.kawasaki.com', 1),
(82, 358, 'Sanao', 'Roxanne May', 15, 'velez-kdt@global.kawasaki.com', 1),
(83, 367, 'Mendoza', 'Marcial', 8, 'mendoza_m-kdt@global.kawasaki.com', 1),
(84, 370, 'Nopra', 'Charis Candy', 10, 'nopra-kdt@global.kawasaki.com', 1),
(85, 371, 'Cordova', 'Ysabel', 12, 'cordova-kdt@global.kawasaki.com', 1),
(86, 372, 'Frane', 'Gerald Christopher', 20, 'frane-kdt@global.kawasaki.com', 1),
(87, 373, 'Sabarillo', 'Nelmar Bong', 7, 'sabarillo-kdt@global.kawasaki.com', 1),
(88, 376, 'Manaog', 'Karen Lorraine', 20, 'vallestero-kdt@global.kawasaki.com', 1),
(89, 377, 'Guico', 'Aldrin', 12, 'guico-kdt@global.kawasaki.com', 1),
(90, 381, 'Flores', 'Angelo', 12, 'flores_a-kdt@global.kawasaki.com', 1),
(91, 382, 'Marquez', 'Arvin David', 5, 'marquez-kdt@global.kawasaki.com', 1),
(92, 383, 'Bellen', 'Abegail', 5, 'bellen-kdt@global.kawasaki.com', 1),
(93, 384, 'Gallardo', 'Al Shariff', 3, 'gallardo-kdt@global.kawasaki.com', 1),
(94, 385, 'Perez', 'Jeremia', 5, 'perez_j-kdt@global.kawasaki.com', 1),
(95, 386, 'Tan', 'Dennis', 11, 'tan_d-kdt@global.kawasaki.com', 1),
(96, 387, 'Balgoma', 'Ramil', 12, 'balgoma-kdt@global.kawasaki.com', 1),
(97, 388, 'Gupit', 'Bernico', 12, 'gupit-kdt@global.kawasaki.com', 1),
(98, 389, 'Miranda', 'Nikko', 11, 'miranda_n-kdt@global.kawasaki.com', 1),
(99, 390, 'Garcia', 'Christian Joseph', 8, 'garcia_c-kdt@global.kawasaki.com', 1),
(100, 391, 'Dalisay', 'Catherine', 1, 'austria-kdt@global.kawasaki.com', 1),
(101, 396, 'Lacsa', 'John', 12, 'lacsa-kdt@global.kawasaki.com', 1),
(102, 398, 'Sta. Ana', 'Arnulfo', 2, '', 1),
(103, 401, 'Laureano', 'Miki Antonio', 8, 'laureano_m-kdt@global.kawasaki.com', 1),
(104, 402, 'Ornido', 'Marvin John', 18, 'ornido-kdt@global.kawasaki.com', 1),
(105, 404, 'Argente', 'Gene Owen', 8, 'argente-kdt@global.kawasaki.com', 1),
(106, 406, 'Tumbaga', 'Jefferson', 6, 'tumbaga-kdt@global.kawasaki.com', 1),
(107, 407, 'Villatuya', 'Russel', 20, 'villatuya-kdt@global.kawasaki.com', 1),
(108, 410, 'Parra', 'Ely', 18, 'parra-kdt@global.kawasaki.com', 1),
(109, 411, 'Ilao', 'Marylou', 8, 'manalo-kdt@global.kawasaki.com', 1),
(110, 412, 'Rivera', 'Reenan', 8, 'rivera-kdt@global.kawasaki.com', 1),
(111, 413, 'Buzeta', 'Wendy', 12, 'anorico-kdt@global.kawasaki.com', 1),
(112, 414, 'Antonio', 'Wilhelm Dennis', 8, 'antonio-kdt@global.kawasaki.com', 1),
(113, 416, 'Floresca', 'Gene Philip', 9, 'floresca-kdt@global.kawasaki.com', 1),
(114, 417, 'Binay-an', 'Daryl', 12, 'binayan-kdt@global.kawasaki.com', 1),
(115, 419, 'Mesias', 'Meriam', 2, 'mesias-kdt@global.kawasaki.com', 1),
(116, 420, 'Benedicto', 'Alvin', 8, 'benedicto-kdt@global.kawasaki.com', 1),
(117, 421, 'Nazar', 'John Jacob', 12, 'nazar-kdt@global.kawasaki.com', 1),
(118, 423, 'Caro', 'Renson', 8, 'caro-kdt@global.kawasaki.com', 1),
(119, 424, 'Perez', 'Renzel', 12, 'perez_r-kdt@global.kawasaki.com', 1),
(120, 425, 'Belen', 'Marvin', 8, 'belen_m-kdt@global.kawasaki.com', 1),
(121, 426, 'Tuazon', 'King Louis', 18, 'tuazon-kdt@global.kawasaki.com', 1),
(122, 427, 'Fernandez', 'Julius', 12, 'fernandez-kdt@global.kawasaki.com', 1),
(123, 428, 'Velasco', 'Vryan', 8, 'velasco-kdt@global.kawasaki.com', 1),
(124, 429, 'Moralita', 'Denmark', 8, 'moralita-kdt@global.kawasaki.com', 1),
(125, 430, 'Ucol', 'Zendy Grace', 8, 'ucol-kdt@global.kawasaki.com', 1),
(126, 432, 'Macaraan', 'Christian', 8, 'macaraan-kdt@global.kawasaki.com', 1),
(127, 433, 'Ramos', 'Alyssa', 12, 'ramos-kdt@global.kawasaki.com', 1),
(128, 434, 'Pilis', 'Vilmer', 8, 'pilis-kdt@global.kawasaki.com', 1),
(129, 435, 'Basibas', 'Kerstin Paula', 8, 'basibas-kdt@global.kawasaki.com', 1),
(130, 436, 'Viñas', 'Eugene', 8, 'vinas-kdt@global.kawasaki.com', 1),
(131, 437, 'Callores', 'Dick Francis', 8, 'callores-kdt@global.kawasaki.com', 1),
(132, 438, 'Reyes', 'Juan Carlos', 8, 'reyes_jc-kdt@global.kawasaki.com', 1),
(133, 439, 'Arroyo', 'Micah Camille', 10, 'arroyo-kdt@global.kawasaki.com', 1),
(134, 440, 'Panginbayan', 'Rochelle', 10, 'panginbayan-kdt@global.kawasaki.com', 1),
(135, 444, 'Tobias', 'Kenneth', 5, 'tobias_k-kdt@global.kawasaki.com', 1),
(136, 445, 'Honrado', 'Ruth Anne', 3, 'honrado-kdt@global.kawasaki.com', 1),
(138, 446, 'Takenaka', 'Yukihiro', 2, 'takenaka_yu@global.kawasaki.com', 1),
(140, 447, 'Medrano', 'Marco', 15, 'medrano-kdt@global.kawasaki.com', 1),
(141, 448, 'Buston', 'Cherry Mae ', 15, 'soliven-kdt@global.kawasaki.com', 1),
(142, 449, 'Viado', 'Meyrvin', 15, 'viado-kdt@global.kawasaki.com', 1),
(143, 450, 'Casem', 'Kimberly', 15, 'casem-kdt@global.kawasaki.com', 1),
(144, 452, 'Nigos', 'Scottee Jairus', 3, 'nigos-kdt@global.kawasaki.com', 1),
(145, 454, 'Armas', 'Kenn John', 18, 'armas-kdt@global.kawasaki.com', 1),
(146, 455, 'Manalo', 'Vincen', 8, 'manalo_v-kdt@global.kawasaki.com', 1),
(147, 459, 'Cutaran', 'Rennel Mae', 8, 'cutaran-kdt@global.kawasaki.com', 1),
(148, 460, 'Berongoy', 'Eurjhon', 8, 'berongoy-kdt@global.kawasaki.com', 1),
(149, 461, 'Bayquen', 'Hannah Millace', 8, 'bayquen-kdt@global.kawasaki.com', 1),
(150, 462, 'Santos', 'Luize Nicole', 8, 'santos-kdt@global.kawasaki.com', 1),
(151, 463, 'Reyes', 'Rizchelle', 8, 'reyes_r-kdt@global.kawasaki.com', 1),
(152, 464, 'Coquia', 'Joshua Mari', 16, 'coquia-kdt@global.kawasaki.com', 1),
(153, 465, 'Petate', 'Felix Edwin', 16, 'petate-kdt@global.kawasaki.com', 1),
(154, 467, 'Camunggol', 'Aldrin Jerick', 18, 'camunggol-kdt@global.kawasaki.com', 1),
(155, 468, 'Gamez', 'Aaron Godfrey', 13, 'gamez-kdt@global.kawasaki.com', 1),
(156, 469, 'Arabilla Jr.', 'Joel', 13, 'arabilla-kdt@global.kawasaki.com', 1),
(157, 470, 'Leguin', 'Aries', 12, 'leguin-kdt@global.kawasaki.com', 1),
(158, 471, 'Chavez', 'Mark Rian', 15, 'chavez-kdt@global.kawasaki.com', 1),
(159, 472, 'Lazaro', 'Nelson', 6, 'lazaro_n-kdt@global.kawasaki.com', 1),
(160, 473, 'Domaoal', 'Kenneth', 8, 'domaoal-kdt@global.kawasaki.com', 1),
(161, 474, 'Segovia', 'Nicole Alysson', 8, 'segovia-kdt@global.kawasaki.com', 1),
(162, 475, 'Del Rosario', 'Jay-R', 15, 'delrosario-kdt@global.kawasaki.com', 1),
(163, 477, 'Callanta', 'Von Joemar', 15, 'callanta-kdt@global.kawasaki.com', 1),
(164, 478, 'Bamba', 'Angelo Justin', 12, 'bamba-kdt@global.kawasaki.com', 1),
(165, 479, 'Abella', 'Sean Vinze', 8, 'abella-kdt@global.kawasaki.com', 1),
(166, 480, 'Tamayo', 'Christian Mari', 18, 'tamayo-kdt@global.kawasaki.com', 1),
(167, 481, 'Tan Pian', 'John Meynard', 8, 'tanpian-kdt@global.kawasaki.com', 1),
(168, 482, 'Ramirez', 'Xavier Dwight', 15, 'ramirez-kdt@global.kawasaki.com', 1),
(169, 483, 'Bautista', 'Anne Wilyn', 8, 'bautista_anne-kdt@global.kawasaki.com', 1),
(170, 484, 'Jonson', 'Edgar Joseph', 20, 'jonson-kdt@global.kawasaki.com', 1),
(171, 485, 'Pangilinan', 'Seanne Kyle', 5, 'pangilinan-kdt@global.kawasaki.com', 1),
(172, 486, 'Maximo', 'Carl Rey', 4, 'maximo-kdt@global.kawasaki.com', 1),
(173, 487, 'Medrano', 'Collene Keith', 16, 'medrano_c-kdt@global.kawasaki.com', 1),
(174, 489, 'Fortus', 'Domini', 12, 'fortus_d-kdt@global.kawasaki.com', 1),
(175, 490, 'Usal', 'Ryan Christopher', 12, 'usal-kdt@global.kawasaki.com', 1),
(176, 491, 'Villamil', 'Ronald Louie', 12, 'villamil-kdt@global.kawasaki.com', 1),
(177, 492, 'Villaruel', 'Jayron', 12, 'villaruel-kdt@global.kawasaki.com', 1),
(178, 493, 'Bedonia', 'Bryan James', 12, 'bedonia-kdt@global.kawasaki.com', 1),
(179, 494, 'Montaniel', 'John Carlos', 12, 'montaniel-kdt@global.kawasaki.com', 1),
(180, 495, 'Rodriguez', 'Nicole', 12, 'rodriguez-kdt@global.kawasaki.com', 1),
(181, 496, 'Tana', 'Marc Jullian', 12, 'tana-kdt@global.kawasaki.com', 1),
(182, 498, 'Cerdan Jr.', 'Tagumpay', 16, 'cerdan_t-kdt@global.kawasaki.com', 1),
(183, 499, 'Pagola', 'James Bryan', 7, 'pagola-kdt@global.kawasaki.com', 1),
(184, 500, 'Recto', 'Joshua John', 8, 'recto-kdt@global.kawasaki.com', 1),
(185, 501, 'Mamalayan', 'John Carlo', 15, 'mamalayan-kdt@global.kawasaki.com', 1),
(186, 502, 'Baloloy', 'Danadel', 8, 'baloloy-kdt@global.kawasaki.com', 1),
(187, 503, 'Lavarias', 'Vincent Adrian', 18, 'lavarias-kdt@global.kawasaki.com', 1),
(188, 504, 'Cayabyab', 'Shield', 4, 'cayabyab-kdt@global.kawasaki.com', 1),
(189, 505, 'Bernabe', 'Edison James', 6, 'bernabe-kdt@global.kawasaki.com', 1),
(190, 506, 'Adona', 'Julius Ian', 4, 'adona-kdt@global.kawasaki.com', 1),
(191, 507, 'Dimaculangan', 'Wawini', 13, 'dimaculangan_w-kdt@global.kawasaki.com', 1),
(192, 508, 'Cumara', 'Christian Jasper', 15, 'cumara-kdt@global.kawasaki.com', 1),
(193, 509, 'Oruga', 'Arjay', 20, 'oruga-kdt@global.kawasaki.com', 1),
(194, 510, 'Hernandez', 'Dexmel Mico', 16, 'hernandez-kdt@global.kawasaki.com', 1),
(195, 511, 'Apolinario', 'Timothy Jay', 16, 'apolinario-kdt@global.kawasaki.com', 1),
(196, 513, 'Alano', 'Adrian William', 16, 'alano-kdt@global.kawasaki.com', 1),
(197, 514, 'Taub', 'Prencess Loraine', 10, 'taub-kdt@global.kawasaki.com', 1);

-- --------------------------------------------------------

--
-- Table structure for table `gender_list`
--

CREATE TABLE `gender_list` (
  `sex_id` int(11) NOT NULL,
  `sex_name` varchar(6) NOT NULL
) ENGINE=InnoDB DEFAULT CHARSET=utf8mb4;

--
-- Dumping data for table `gender_list`
--

INSERT INTO `gender_list` (`sex_id`, `sex_name`) VALUES
(1, 'Male'),
(2, 'Female');

-- --------------------------------------------------------

--
-- Table structure for table `group_list`
--

CREATE TABLE `group_list` (
  `group_id` int(11) NOT NULL,
  `group_abbr` varchar(5) NOT NULL,
  `group_name` text NOT NULL
) ENGINE=InnoDB DEFAULT CHARSET=utf8mb4;

--
-- Dumping data for table `group_list`
--

INSERT INTO `group_list` (`group_id`, `group_abbr`, `group_name`) VALUES
(1, 'ACT', 'Accounting Group'),
(2, 'ADM', 'Admin'),
(3, 'ANA', 'Analysis Group'),
(4, 'CHE', 'Chemical Group'),
(5, 'CIV', 'Civil Group'),
(6, 'CEM', 'Cement Group'),
(7, 'CRY', 'Cryogenic Group'),
(8, 'ENV', 'Environmental Group'),
(9, 'ETCL', 'EarthTechnica Co., Ltd. Group'),
(10, 'IT', 'IT Group'),
(11, 'MPM', 'Machine Propulsion Group'),
(12, 'MHAH', 'Material Handling Group'),
(13, 'MIL', 'Mill Group'),
(14, 'MNG', 'Managerial Group'),
(15, 'PIP', 'Piping Group'),
(16, 'SYS', 'Systems Group'),
(18, 'BOI', 'Boiler Group'),
(19, 'DXT', 'DX Team'),
(20, 'EE', 'Electrical Engineering Group');

-- --------------------------------------------------------

--
-- Table structure for table `location_list`
--

CREATE TABLE `location_list` (
  `location_id` int(11) NOT NULL,
  `location_name` text NOT NULL
) ENGINE=InnoDB DEFAULT CHARSET=utf8mb4;

--
-- Dumping data for table `location_list`
--

INSERT INTO `location_list` (`location_id`, `location_name`) VALUES
(1, 'Japan');

-- --------------------------------------------------------

--
-- Table structure for table `passport_details`
--

CREATE TABLE `passport_details` (
  `passport_id` int(11) NOT NULL,
  `emp_number` int(11) NOT NULL,
  `passport_birthdate` date NOT NULL,
  `passport_number` text NOT NULL,
  `passport_issue` date NOT NULL,
  `passport_expiry` date NOT NULL,
  `date_added` datetime NOT NULL DEFAULT current_timestamp()
) ENGINE=InnoDB DEFAULT CHARSET=utf8mb4;

--
-- Dumping data for table `passport_details`
--

INSERT INTO `passport_details` (`passport_id`, `emp_number`, `passport_birthdate`, `passport_number`, `passport_issue`, `passport_expiry`, `date_added`) VALUES
(1, 464, '1999-08-15', 'P0592436B', '2019-02-08', '2029-02-07', '2023-12-06 15:36:01'),
(2, 173, '1983-12-24', 'P1871722C', '2022-10-04', '2032-10-03', '2023-12-20 16:02:39'),
(3, 224, '1985-03-29', 'P1546519C', '2022-09-03', '2032-09-02', '2023-12-20 16:09:18'),
(4, 352, '1989-08-28', 'P9481158A', '2018-11-09', '2028-11-08', '2023-12-20 16:10:59'),
(5, 367, '1990-05-24', 'P4529986B', '2020-01-24', '2030-01-23', '2023-12-20 16:12:34'),
(6, 425, '1994-09-22', 'P9335750B', '2022-03-25', '2032-03-24', '2023-12-20 16:14:03'),
(7, 430, '1995-08-13', 'P0223292B', '2019-01-14', '2029-01-13', '2023-12-20 16:15:15'),
(8, 460, '1998-08-19', 'P8375060B', '2021-12-03', '2031-12-02', '2023-12-20 16:16:51'),
(9, 462, '1998-10-08', 'P0074034B', '2019-01-12', '2029-01-11', '2023-12-20 16:18:16'),
(10, 382, '1991-11-19', 'P4748700B', '2020-02-08', '2030-02-07', '2023-12-20 16:19:32'),
(11, 444, '1996-01-26', 'P5647429A', '2018-01-17', '2028-01-16', '2023-12-20 16:20:17'),
(12, 485, '1999-09-09', 'P8006266A', '2018-07-19', '2028-07-18', '2023-12-20 16:21:13'),
(13, 461, '1997-05-20', 'P7500387B', '2021-08-31', '2031-08-30', '2023-12-21 07:40:03'),
(14, 226, '1985-01-23', 'P9774089A', '2018-12-01', '2028-11-30', '2023-12-22 10:41:30'),
(15, 174, '1983-06-30', 'P9231067B', '2022-03-18', '2032-03-17', '2023-12-22 10:46:44'),
(16, 346, '1991-04-15', 'P1392423C', '2022-08-20', '2032-08-19', '2023-12-22 10:55:37'),
(17, 288, '1989-01-10', 'P6046199B', '2021-01-06', '2031-01-05', '2023-12-22 12:09:57'),
(18, 314, '1983-11-17', 'P2053172C', '2022-10-15', '2032-10-14', '2023-12-22 12:52:25'),
(19, 252, '1983-05-16', 'P7627097A', '2018-06-21', '2028-06-20', '2023-12-22 14:47:23'),
(20, 383, '1990-05-16', 'P5476559B', '2020-09-07', '2030-09-06', '2023-12-22 14:53:30'),
(21, 313, '1987-07-24', 'P0944740C', '2022-07-16', '2032-07-15', '2024-01-16 12:50:18'),
(22, 321, '1985-03-26', 'P5869029B', '2020-11-26', '2030-11-25', '2024-01-16 12:57:36'),
(23, 322, '1987-02-28', 'P6278985A', '2018-03-05', '2028-04-04', '2024-01-16 13:02:25'),
(24, 320, '1984-03-23', 'P7924295B', '2021-10-19', '2031-10-18', '2024-01-16 13:05:52'),
(25, 372, '1991-12-01', 'P1436648B', '2019-04-11', '2029-04-10', '2024-01-16 13:09:59'),
(26, 376, '1990-10-19', 'P0978172C', '2022-07-19', '2032-07-18', '2024-01-16 13:16:48'),
(27, 302, '1987-12-02', 'P5977341B', '2020-12-18', '2030-12-17', '2024-01-16 13:20:25'),
(28, 356, '1991-02-07', 'P7939660A', '2018-07-14', '2028-07-13', '2024-01-16 13:28:06'),
(29, 407, '1992-08-07', 'P5835768A', '2018-01-31', '2028-01-30', '2024-01-16 13:35:10'),
(30, 134, '1978-04-10', 'P4078742B', '2019-12-19', '2029-12-18', '2024-01-16 13:50:02'),
(31, 306, '1988-07-23', 'P7877373B', '2021-10-15', '2031-10-14', '2024-01-16 13:54:41'),
(32, 448, '1996-03-08', 'P4412581C', '2023-06-14', '2033-06-15', '2024-01-16 14:00:01'),
(33, 477, '1997-07-12', 'P9633176A', '2018-11-21', '2028-11-20', '2024-01-16 14:12:45'),
(34, 270, '1985-12-15', 'P8921847B', '2022-02-11', '2032-02-10', '2024-01-16 14:19:57'),
(35, 450, '1995-04-19', 'P2843211B', '2019-08-23', '2029-08-22', '2024-01-16 14:24:17'),
(36, 471, '1997-09-15', 'P7901138A', '2018-07-11', '2028-07-10', '2024-01-16 14:27:58'),
(37, 475, '1999-04-27', 'P9720734B', '2022-04-22', '2032-04-21', '2024-01-16 14:36:23'),
(38, 305, '1981-02-09', 'P9466317B', '2022-04-01', '2032-03-31', '2024-01-16 14:41:48'),
(39, 333, '1989-06-30', 'P9612175A', '2018-11-19', '2028-11-18', '2024-01-16 14:46:02'),
(40, 447, '1997-10-04', 'P8199503A', '2018-08-03', '2028-08-02', '2024-01-16 14:50:35'),
(41, 330, '1991-04-03', 'P9612016A', '2018-11-19', '2028-11-18', '2024-01-16 14:55:19'),
(42, 482, '1998-12-17', 'P5466073C', '2023-10-10', '2033-10-09', '2024-01-16 14:58:14'),
(43, 357, '1992-11-19', 'P0051660B', '2018-12-28', '2028-12-27', '2024-01-16 15:03:48'),
(44, 358, '1991-03-11', 'P9232728A', '2018-10-19', '2028-10-18', '2024-01-16 15:06:53'),
(45, 30, '1975-12-06', 'P5400405B', '2020-08-12', '2030-08-11', '2024-01-17 10:32:34'),
(46, 387, '1992-11-17', 'P6408020B', '2021-03-02', '2031-03-01', '2024-01-17 10:37:08'),
(47, 335, '1989-07-09', 'P7662140A', '2018-06-25', '2028-06-24', '2024-01-17 10:40:23'),
(48, 478, '1996-09-27', 'P8172179A', '2018-08-01', '2028-07-31', '2024-01-17 10:43:35'),
(49, 417, '1994-10-24', 'P9714583B', '2022-04-22', '2032-04-21', '2024-01-17 10:47:10'),
(50, 413, '1991-01-22', 'P1218834C', '2022-08-08', '2032-08-07', '2024-01-17 10:50:51'),
(51, 262, '1984-01-20', 'P1964813B', '2019-06-15', '2029-06-14', '2024-01-17 10:54:13'),
(52, 371, '1991-01-19', 'P0260586B', '2019-01-16', '2029-01-15', '2024-01-17 11:00:17'),
(53, 427, '1994-01-02', 'P0856626B', '2019-02-28', '2029-02-27', '2024-01-17 12:19:24'),
(54, 381, '1990-06-19', 'P5740509B', '2020-11-06', '2030-11-05', '2024-01-17 12:23:12'),
(55, 489, '1993-07-12', 'P1142972B', '2019-03-21', '2029-03-20', '2024-01-17 12:25:59'),
(56, 377, '1991-08-11', 'P4914572B', '2020-08-22', '2030-08-21', '2024-01-17 12:30:29'),
(57, 388, '1992-04-20', 'p5519955B', '2020-09-17', '2030-09-16', '2024-01-17 12:33:59'),
(58, 396, '1993-01-16', 'P8858955B', '2022-02-07', '2032-02-06', '2024-01-17 12:36:28'),
(59, 470, '1999-05-11', 'P4575005C', '2023-07-01', '2033-06-30', '2024-01-17 12:41:53'),
(60, 295, '1981-03-27', 'P0344080B', '2019-01-22', '2029-01-21', '2024-01-17 12:44:28'),
(61, 421, '1996-01-26', 'P0360112C', '2022-06-03', '2032-06-02', '2024-01-17 12:47:27'),
(62, 469, '1999-08-12', 'P5880436C', '2023-11-07', '2033-11-06', '2024-01-17 12:54:50'),
(63, 222, '1983-12-30', 'P3690878C', '2023-03-25', '2033-03-24', '2024-01-17 12:59:49'),
(64, 468, '1998-08-08', 'P6397622B', '2021-03-01', '2031-02-28', '2024-01-17 13:05:15'),
(65, 223, '1982-08-21', 'P5771844A', '2018-01-26', '2028-01-25', '2024-01-17 13:15:15'),
(66, 310, '1984-12-18', 'P9560010B', '2022-04-08', '2032-04-07', '2024-01-17 13:19:33'),
(67, 209, '1982-09-28', 'P0277617B', '2019-01-17', '2029-01-16', '2024-01-17 13:24:30'),
(68, 259, '1987-05-04', 'P1966845B', '2019-06-15', '2029-06-14', '2024-01-17 13:26:43'),
(69, 240, '1983-08-25', 'P0615906C', '2022-06-21', '2032-06-20', '2024-01-17 13:49:17'),
(70, 215, '1979-12-12', 'P0049630C', '2022-05-13', '2032-05-12', '2024-01-17 13:51:26'),
(71, 406, '1993-07-22', 'P0543659B', '2019-02-04', '2029-02-03', '2024-01-17 13:54:52'),
(72, 281, '1986-12-08', 'P3989870B', '2019-11-27', '2029-11-26', '2024-01-17 14:07:22'),
(73, 25, '1971-10-21', 'P5370143B', '2020-07-29', '2030-07-28', '2024-01-17 14:10:02'),
(74, 291, '1988-02-26', 'P9311879B', '2022-03-23', '2032-03-22', '2024-01-17 14:17:28'),
(75, 486, '1994-11-16', 'P2555025C', '2022-12-02', '2032-12-01', '2024-01-17 14:24:14'),
(76, 344, '1992-01-24', 'P9487246A', '2018-11-10', '2028-11-09', '2024-01-17 14:28:31'),
(77, 261, '1984-09-15', 'P6302142B', '2021-02-15', '2031-02-14', '2024-01-17 14:33:47'),
(78, 290, '1988-06-27', 'P8626886B', '2022-01-04', '2032-01-03', '2024-01-17 14:39:59'),
(79, 350, '1990-03-22', 'P6267677A', '2018-03-03', '2028-03-02', '2024-01-17 14:46:28'),
(80, 345, '1990-06-29', 'P5377591B', '2020-08-04', '2030-08-03', '2024-01-17 14:49:56'),
(81, 264, '1986-06-21', 'P5377597B', '2020-08-04', '2030-08-03', '2024-01-17 15:08:51'),
(82, 373, '1993-04-22', 'P5377583B', '2020-08-04', '2030-08-03', '2024-01-17 15:25:01'),
(83, 414, '1994-08-05', 'P9977873B', '2022-05-07', '2032-05-06', '2024-01-18 07:48:17'),
(84, 404, '1991-08-17', 'P0218971B', '2019-01-12', '2029-01-11', '2024-01-18 07:52:27'),
(85, 435, '1995-02-03', 'P9335758B', '2022-03-25', '2032-03-24', '2024-01-18 07:57:02'),
(86, 420, '1994-10-20', 'P9335619B', '2022-03-25', '2032-03-24', '2024-01-18 08:08:33'),
(87, 40, '1976-01-24', 'P5401261B', '2020-08-12', '2030-08-11', '2024-01-18 08:13:32'),
(88, 437, '1993-10-27', 'P0210751C', '2022-05-24', '2032-05-23', '2024-01-18 08:17:39'),
(89, 221, '1984-10-14', 'P8995836A', '2018-10-03', '2028-10-02', '2024-01-18 08:21:25'),
(90, 423, '1995-01-15', 'P7171120A', '2018-05-15', '2028-05-14', '2024-01-18 08:32:12'),
(91, 459, '1997-12-11', 'P1397707C', '2022-08-22', '2032-08-21', '2024-01-18 08:38:34'),
(92, 390, '1991-02-10', 'P6825752B', '2021-05-18', '2031-05-17', '2024-01-18 08:50:08'),
(93, 411, '1991-10-13', 'P6381797B', '2021-02-25', '2031-02-24', '2024-01-18 08:53:58'),
(94, 401, '1993-05-06', 'P5938038B', '2020-12-14', '2030-12-13', '2024-01-18 08:58:36'),
(95, 432, '1993-12-24', 'P6190458A', '2018-02-27', '2028-02-26', '2024-01-18 09:28:46'),
(96, 455, '1996-06-01', 'P8393570A', '2018-08-17', '2028-08-16', '2024-01-18 09:31:13'),
(97, 334, '1987-08-26', 'P9732881B', '2022-04-23', '2032-04-22', '2024-01-18 09:36:32'),
(98, 429, '1994-09-10', 'P8418566A', '2018-08-18', '2028-08-17', '2024-01-18 09:40:19'),
(99, 434, '1993-09-12', 'P8495204A', '2018-08-25', '2028-08-24', '2024-01-18 09:45:09'),
(100, 463, '1999-11-14', 'P8082296B', '2021-11-04', '2031-11-03', '2024-01-18 09:49:46'),
(101, 412, '1992-10-01', 'P5887107B', '2020-12-02', '2030-12-01', '2024-01-18 10:02:25'),
(102, 428, '1993-10-05', 'P6006768B', '2020-12-22', '2030-12-21', '2024-01-18 10:24:00'),
(103, 436, '1994-03-15', 'P7190251A', '2018-05-16', '2028-05-15', '2024-01-18 10:28:18'),
(104, 8, '1960-07-03', 'P6241898A', '2018-03-01', '2028-02-29', '2024-01-18 10:34:48'),
(105, 328, '1989-04-11', 'P0353296C', '2022-06-02', '2032-06-01', '2024-01-18 12:10:11'),
(106, 10, '1965-12-20', 'P2333766B', '2019-06-26', '2029-06-25', '2024-01-18 13:22:17'),
(107, 467, '1999-04-01', 'P8305920B', '2021-11-26', '2031-11-25', '2024-01-18 13:28:43'),
(108, 454, '1994-06-01', 'P6052776B', '2021-01-07', '2031-01-06', '2024-01-18 13:33:05'),
(109, 438, '1994-09-19', 'P8930429A', '2018-09-28', '2028-09-27', '2024-01-18 13:43:16'),
(110, 238, '1973-09-11', 'P9708714A', '2018-11-26', '2028-11-25', '2024-01-18 13:46:11'),
(111, 323, '1990-01-29', 'P5697014A', '2018-01-20', '2028-01-19', '2024-01-18 13:56:25'),
(112, 299, '1988-08-12', 'P6546520B', '2021-03-24', '2031-03-23', '2024-01-18 14:00:40'),
(113, 37, '1969-10-31', 'P4740997B', '2020-02-08', '2030-02-07', '2024-01-18 14:17:23'),
(114, 329, '1988-11-01', 'P9503842A', '2018-11-12', '2028-11-11', '2024-01-18 14:20:12'),
(115, 402, '1992-09-17', 'P2381214B', '2019-06-29', '2029-06-28', '2024-01-18 14:35:12'),
(116, 311, '1986-10-28', 'P8344836A', '2018-08-14', '2028-08-13', '2024-01-18 14:38:10'),
(117, 426, '1992-04-14', 'P0696297B', '2019-02-16', '2029-02-15', '2024-01-18 14:40:19'),
(118, 416, '1992-11-20', 'P9684909B', '2022-04-20', '2032-04-19', '2024-01-18 14:48:54'),
(119, 260, '1984-07-11', 'P3732352B', '2019-11-05', '2029-11-04', '2024-01-18 14:52:23'),
(120, 389, '1992-03-16', 'P0811747B', '2019-02-24', '2029-02-23', '2024-01-18 14:55:44'),
(121, 279, '1984-02-27', 'P0823314B', '2019-03-05', '2029-03-03', '2024-01-18 15:08:03'),
(122, 386, '1990-07-26', 'P7002651B', '2021-06-17', '2031-06-16', '2024-01-18 15:11:30'),
(123, 55, '1976-04-09', 'P7001303B', '2021-06-17', '2031-06-16', '2024-01-19 07:18:32'),
(124, 230, '1983-04-16', 'P0085815C', '2022-05-15', '2032-05-14', '2024-01-23 13:13:53'),
(125, 263, '1984-06-19', 'P2489389B', '2019-07-09', '2029-07-08', '2024-01-23 13:17:47'),
(126, 424, '1994-09-09', 'P5723755A', '2018-01-23', '2028-01-22', '2024-01-23 13:20:10'),
(127, 433, '1995-09-04', 'P50133869B', '2019-01-07', '2029-01-06', '2024-01-23 13:41:18'),
(128, 410, '1994-07-11', 'P1475115C', '2022-08-27', '2032-08-26', '2024-01-26 08:39:51'),
(129, 480, '1998-12-29', 'P6080504C', '2023-12-04', '2033-12-03', '2024-01-26 08:41:49'),
(130, 284, '1987-10-18', 'P0519633C', '2022-06-14', '2032-06-13', '2024-01-29 13:04:58'),
(131, 107, '1974-11-06', 'P7001249B', '2021-06-17', '2031-06-16', '2024-01-29 13:16:29'),
(132, 449, '1996-05-11', 'P1057923C', '2022-07-26', '2032-07-25', '2024-01-29 13:22:02'),
(133, 385, '1990-09-18', 'P4618481B', '2020-01-30', '2030-01-29', '2024-01-29 13:27:49'),
(134, 117, '1976-11-28', 'P4531145B', '2020-01-24', '2030-01-23', '2024-01-29 15:07:22'),
(135, 61, '1974-09-18', 'P5800393A', '2018-01-28', '2028-01-27', '2024-01-30 08:51:31'),
(136, 445, '1992-09-04', 'P9185190A', '2018-10-17', '2028-10-16', '2024-01-30 08:59:36'),
(137, 452, '1997-10-28', 'P3904015B', '2019-11-20', '2029-11-19', '2024-01-30 09:31:16'),
(138, 18, '1972-10-16', 'P2360339B', '2019-06-27', '2029-06-26', '2024-01-30 09:44:19'),
(139, 104, '1967-03-24', 'P5986355B', '2020-12-19', '2030-12-18', '2024-01-30 10:35:39'),
(140, 121, '1977-11-20', 'P8718830A', '2018-09-12', '2028-09-11', '2024-02-06 10:27:04'),
(141, 384, '1993-06-14', 'P6476372B', '2021-03-12', '2031-03-11', '2024-02-06 10:31:42'),
(142, 505, '1998-05-09', 'P6539631B', '2021-03-23', '2031-03-22', '2024-02-06 10:37:04'),
(143, 472, '1993-07-14', 'P6217320A', '2018-02-28', '2028-02-27', '2024-02-06 10:39:28'),
(144, 506, '1998-06-18', 'P7901050A', '2018-07-12', '2028-07-11', '2024-02-06 13:14:52'),
(145, 504, '2000-07-15', 'P4025456C', '2023-05-03', '2033-05-02', '2024-02-06 13:18:49'),
(146, 499, '2000-08-03', 'P3764730C', '2023-03-31', '2033-03-30', '2024-02-06 13:21:27'),
(147, 484, '1997-08-31', 'P3626392C', '2023-03-20', '2033-03-19', '2024-02-06 13:24:45'),
(148, 158, '1965-11-25', 'P1076673C', '2022-07-27', '2032-07-26', '2024-02-06 13:29:14'),
(149, 503, '1999-10-03', 'P7317177B', '2021-08-02', '2031-08-01', '2024-02-07 13:31:01');

-- --------------------------------------------------------

--
-- Table structure for table `visa_details`
--

CREATE TABLE `visa_details` (
  `visa_id` int(11) NOT NULL,
  `emp_number` int(11) NOT NULL,
  `visa_number` text NOT NULL,
  `visa_issue` date NOT NULL,
  `visa_expiry` date NOT NULL,
  `date_added` datetime NOT NULL DEFAULT current_timestamp()
) ENGINE=InnoDB DEFAULT CHARSET=utf8mb4;

--
-- Dumping data for table `visa_details`
--

INSERT INTO `visa_details` (`visa_id`, `emp_number`, `visa_number`, `visa_issue`, `visa_expiry`, `date_added`) VALUES
(1, 173, '23B46582', '2023-10-10', '2028-10-10', '2023-12-22 08:24:14'),
(2, 174, '23B46574', '2023-10-10', '2028-10-10', '2023-12-22 10:00:09'),
(3, 346, '23B46575', '2023-10-10', '2024-04-26', '2023-12-22 10:06:18'),
(4, 288, '23B46581', '2023-10-10', '2028-10-10', '2023-12-22 10:08:48'),
(5, 226, '23D63536', '2023-09-04', '2028-09-04', '2023-12-22 10:12:18'),
(6, 314, '23B46573', '2023-10-10', '2028-10-10', '2023-12-22 12:39:43'),
(7, 252, '23D66898', '2023-09-04', '2028-09-04', '2023-12-22 14:44:04'),
(8, 383, '23D63527', '2023-09-04', '2028-09-04', '2023-12-22 14:57:36'),
(9, 215, '24E02954', '2024-01-29', '2029-01-29', '2024-01-19 07:24:39'),
(10, 299, 'P6546520B', '2024-01-09', '2029-01-08', '2024-01-19 10:51:14'),
(11, 469, '24E02955', '2024-01-29', '2029-01-28', '2024-01-22 17:30:23'),
(12, 320, '24E02950', '2024-01-29', '2029-01-28', '2024-01-23 08:30:56'),
(13, 264, '23E31906', '2023-10-10', '2028-10-09', '2024-01-23 08:42:55'),
(14, 313, '24E02948', '2024-01-29', '2029-01-28', '2024-01-23 09:59:17'),
(15, 290, '23D79642', '2023-10-10', '2028-10-10', '2024-01-23 10:08:58'),
(16, 261, '24E02951', '2024-01-29', '2029-01-29', '2024-01-23 10:18:21'),
(17, 486, '23D79644', '2023-10-10', '2028-10-10', '2024-01-23 10:32:39'),
(18, 387, '24E02949', '2024-01-29', '2029-01-29', '2024-01-23 10:44:13'),
(19, 470, '24E02957', '2024-01-29', '2029-01-29', '2024-01-23 10:52:43'),
(20, 417, '24E02947', '2024-01-29', '2029-01-29', '2024-01-23 12:10:27'),
(21, 478, '24E02956', '2024-01-29', '2029-01-29', '2024-01-23 12:18:33'),
(22, 371, '24E02946', '2024-01-29', '2029-01-29', '2024-01-23 12:28:18'),
(23, 377, '24E02953', '2024-01-29', '2029-01-23', '2024-01-23 12:39:14'),
(24, 413, '23D63541', '2023-09-04', '2028-09-04', '2024-01-23 12:49:55'),
(25, 427, '23D63540', '2023-09-04', '2028-09-04', '2024-01-23 12:56:06'),
(26, 489, '23D63539', '2023-09-04', '2028-09-04', '2024-01-23 13:00:01'),
(27, 388, '23D63542', '2023-09-04', '2028-09-04', '2024-01-23 13:05:24'),
(28, 295, '23D63537', '2023-09-04', '2028-09-04', '2024-01-23 13:09:21'),
(29, 344, '23D79643', '2023-10-10', '2028-10-10', '2024-01-29 07:48:35'),
(30, 279, '23F28592', '2023-11-27', '2028-11-27', '2024-01-29 08:23:28'),
(31, 260, '22B16247', '2022-09-05', '2027-09-05', '2024-01-29 08:28:12'),
(32, 430, '23F43930', '2024-01-04', '2029-01-09', '2024-01-29 08:30:40'),
(33, 447, '23D63533', '2023-09-04', '2028-09-04', '2024-01-29 08:46:15'),
(34, 330, '23D63531', '2023-09-04', '2028-09-04', '2024-01-29 08:47:48'),
(35, 357, '23C35735', '2023-07-24', '2029-07-24', '2024-01-29 10:05:39'),
(36, 467, '23F43926', '2024-01-09', '2029-01-09', '2024-01-29 10:28:18'),
(37, 471, '23F43934', '2024-01-09', '2029-01-09', '2024-01-29 10:29:59'),
(38, 306, '24F07925', '2024-02-12', '2029-02-12', '2024-01-29 10:32:11'),
(39, 333, '24F07924', '2024-02-12', '2029-02-12', '2024-01-29 10:34:06'),
(40, 425, '24F43925', '2024-01-09', '2029-01-09', '2024-01-29 10:36:09'),
(41, 224, '23F43922', '2024-01-09', '2029-01-09', '2024-01-29 10:37:42'),
(42, 352, '23F43927', '2024-01-09', '2029-01-09', '2024-01-29 10:39:08'),
(43, 305, '23F43924', '2024-01-09', '2029-01-09', '2024-01-29 10:40:29'),
(44, 382, '23C87167', '2024-01-15', '2029-01-15', '2024-01-29 10:41:36'),
(45, 367, '23F43929', '2024-01-09', '2029-01-09', '2024-01-29 10:44:47'),
(46, 482, '23F43933', '2024-01-09', '2029-01-29', '2024-01-29 10:46:23'),
(47, 462, '23F43935', '2024-01-09', '2029-01-09', '2024-01-29 10:47:45'),
(48, 444, '23F43936', '2024-01-09', '2029-01-09', '2024-01-29 10:49:29'),
(49, 358, '23F43931', '2024-01-09', '2029-01-09', '2024-01-29 10:50:28'),
(50, 407, '23F43932', '2024-01-09', '2029-01-09', '2024-01-29 10:51:43'),
(51, 10, '20E02198', '2020-01-15', '2030-01-15', '2024-01-29 12:06:44'),
(52, 323, '23C35738', '2023-07-24', '2028-06-24', '2024-01-29 12:15:31'),
(53, 402, '23D79649', '2023-10-10', '2028-10-10', '2024-01-29 12:17:26'),
(54, 450, '23D63532', '2023-09-04', '2028-09-04', '2024-01-29 12:19:52'),
(55, 475, '23D63534', '2023-09-04', '2028-09-04', '2024-01-29 12:21:11'),
(56, 448, '23D63529', '2023-09-04', '2028-09-04', '2024-01-29 12:25:09'),
(57, 270, '23D63530', '2023-09-04', '2028-09-04', '2024-01-29 12:28:12'),
(58, 477, '23D63528', '2023-09-04', '2028-09-04', '2024-01-29 12:29:59'),
(59, 460, '23F43928', '2024-01-09', '2028-01-09', '2024-01-29 12:45:10'),
(60, 485, '23D63526', '2023-09-04', '2028-09-04', '2024-01-29 12:49:43'),
(61, 302, '23D63535', '2023-09-04', '2028-09-04', '2024-01-29 13:09:30'),
(62, 230, '23D63538', '2023-09-04', '2028-09-04', '2024-01-29 13:48:23'),
(63, 222, '23A70643', '2023-07-24', '2028-07-24', '2024-01-29 14:29:31'),
(64, 468, '23A70644', '2023-07-24', '2028-07-24', '2024-01-29 14:33:01'),
(65, 310, '23B46604', '2023-10-23', '2028-10-23', '2024-01-29 14:37:02'),
(66, 406, '23B46578', '2023-10-23', '2028-10-23', '2024-01-29 14:43:00'),
(67, 350, '23D79645', '2023-10-10', '2028-10-10', '2024-01-29 14:50:51'),
(68, 414, '23D79647', '2023-10-10', '2028-10-10', '2024-01-29 14:55:50'),
(69, 461, '23E58820', '2023-10-10', '2028-10-10', '2024-01-29 14:59:11'),
(70, 420, '23C35733', '2023-07-24', '2028-07-24', '2024-01-29 15:02:04'),
(71, 334, '23C35729', '2023-07-24', '2028-07-24', '2024-01-29 15:11:00'),
(72, 401, '23C35728', '2023-07-24', '2028-07-24', '2024-01-29 15:14:44'),
(73, 411, '23B46576', '2023-10-10', '2028-10-10', '2024-01-30 07:35:42'),
(74, 429, '23C35730', '2023-07-24', '2028-07-24', '2024-01-31 10:29:35'),
(75, 438, '23C35732', '2023-07-24', '2028-07-24', '2024-01-31 10:31:59'),
(76, 463, '23B46579', '2023-10-10', '2028-10-10', '2024-01-31 10:35:28'),
(77, 390, '23D79648', '2023-10-10', '2028-10-10', '2024-01-31 10:40:17'),
(78, 432, '23C35731', '2023-07-24', '2028-07-24', '2024-01-31 10:43:30'),
(79, 221, '23B46580', '2023-10-10', '2028-10-10', '2024-01-31 10:51:21'),
(80, 459, '23C35734', '2023-07-24', '2028-07-24', '2024-01-31 13:30:20'),
(81, 329, '23C35737', '2023-07-24', '2028-07-24', '2024-01-31 15:11:51'),
(82, 416, '22A23780', '2022-11-07', '2027-11-07', '2024-01-31 15:21:31'),
(83, 412, '23d79646', '2023-10-10', '2028-10-10', '2024-02-05 10:41:31');

--
-- Indexes for dumped tables
--

--
-- Indexes for table `dispatch_list`
--
ALTER TABLE `dispatch_list`
  ADD PRIMARY KEY (`dispatch_id`);

--
-- Indexes for table `employee_details`
--
ALTER TABLE `employee_details`
  ADD PRIMARY KEY (`emp_id`);

--
-- Indexes for table `gender_list`
--
ALTER TABLE `gender_list`
  ADD PRIMARY KEY (`sex_id`);

--
-- Indexes for table `group_list`
--
ALTER TABLE `group_list`
  ADD PRIMARY KEY (`group_id`);

--
-- Indexes for table `location_list`
--
ALTER TABLE `location_list`
  ADD PRIMARY KEY (`location_id`);

--
-- Indexes for table `passport_details`
--
ALTER TABLE `passport_details`
  ADD PRIMARY KEY (`passport_id`),
  ADD UNIQUE KEY `passport_date_of_issue` (`passport_number`,`passport_issue`) USING HASH,
  ADD UNIQUE KEY `passport_date_of_expiry` (`passport_number`,`passport_expiry`) USING HASH;

--
-- Indexes for table `visa_details`
--
ALTER TABLE `visa_details`
  ADD PRIMARY KEY (`visa_id`),
  ADD UNIQUE KEY `visa_date_of_issue` (`visa_number`,`visa_issue`) USING HASH,
  ADD UNIQUE KEY `visa_date_of_expiry` (`visa_number`,`visa_expiry`) USING HASH;

--
-- AUTO_INCREMENT for dumped tables
--

--
-- AUTO_INCREMENT for table `dispatch_list`
--
ALTER TABLE `dispatch_list`
  MODIFY `dispatch_id` int(11) NOT NULL AUTO_INCREMENT, AUTO_INCREMENT=194;

--
-- AUTO_INCREMENT for table `employee_details`
--
ALTER TABLE `employee_details`
  MODIFY `emp_id` int(11) NOT NULL AUTO_INCREMENT, AUTO_INCREMENT=198;

--
-- AUTO_INCREMENT for table `gender_list`
--
ALTER TABLE `gender_list`
  MODIFY `sex_id` int(11) NOT NULL AUTO_INCREMENT, AUTO_INCREMENT=3;

--
-- AUTO_INCREMENT for table `group_list`
--
ALTER TABLE `group_list`
  MODIFY `group_id` int(11) NOT NULL AUTO_INCREMENT, AUTO_INCREMENT=21;

--
-- AUTO_INCREMENT for table `location_list`
--
ALTER TABLE `location_list`
  MODIFY `location_id` int(11) NOT NULL AUTO_INCREMENT, AUTO_INCREMENT=2;

--
-- AUTO_INCREMENT for table `passport_details`
--
ALTER TABLE `passport_details`
  MODIFY `passport_id` int(11) NOT NULL AUTO_INCREMENT, AUTO_INCREMENT=150;

--
-- AUTO_INCREMENT for table `visa_details`
--
ALTER TABLE `visa_details`
  MODIFY `visa_id` int(11) NOT NULL AUTO_INCREMENT, AUTO_INCREMENT=84;
COMMIT;

/*!40101 SET CHARACTER_SET_CLIENT=@OLD_CHARACTER_SET_CLIENT */;
/*!40101 SET CHARACTER_SET_RESULTS=@OLD_CHARACTER_SET_RESULTS */;
/*!40101 SET COLLATION_CONNECTION=@OLD_COLLATION_CONNECTION */;
